Country,1990,1990_lower,1990_upper,1991,1991_lower,1991_upper,1992,1992_lower,1992_upper,1993,1993_lower,1993_upper,1994,1994_lower,1994_upper,1995,1995_lower,1995_upper,1996,1996_lower,1996_upper,1997,1997_lower,1997_upper,1998,1998_lower,1998_upper,1999,1999_lower,1999_upper,2000,2000_lower,2000_upper,2001,2001_lower,2001_upper,2002,2002_lower,2002_upper,2003,2003_lower,2003_upper,2004,2004_lower,2004_upper,2005,2005_lower,2005_upper,2006,2006_lower,2006_upper,2007,2007_lower,2007_upper,2008,2008_lower,2008_upper,2009,2009_lower,2009_upper,2010,2010_lower,2010_upper,2011,2011_lower,2011_upper,2012,2012_lower,2012_upper,2013,2013_lower,2013_upper,2014,2014_lower,2014_upper,2015,2015_lower,2015_upper,2016,2016_lower,2016_upper,2017,2017_lower,2017_upper,2018,2018_lower,2018_upper,2019,2019_lower,2019_upper
Afghanistan,,,,,,,,,,,,,,,,,,,,,,,,,,,,,,,,,,,,1000,,,1100,,,1400,,,1500,,,1800,,,2000,,,2100,,,2200,1000,,2500,1200,,2700,1300,,3100,1400,,3500,1600,,4000,1700,,4600,1900,,5200,2100,,6100,2300,,7100,2500,1100,8100,2800,1100,9500
Albania,,,,,,,,,,,,,,,,,,,,,,,,,,,,,,,,,,,,,,,,,,,,,,,,,,,,,,,,,,,,,,,,,,,,,,,,,,,,,,,,,,,,,,,,,,
Algeria,,,,,,,,,,,,,,,,,,,,,,,,,,,,,,,,,1100,,,1300,1100,,1500,1200,,1700,1400,,1900,1600,1000,2200,1800,1200,2500,2100,1300,2800,2400,1500,3300,2700,1700,3700,3100,1900,4200,3500,2200,4800,4000,2500,5500,4500,2800,6200,5100,3000,7000,5600,3200,7900,6200,3400,8800,6800,3500,9900,7500,3500,11000,8100,3600,12000
Angola,5800,3300,11000,7500,4500,13000,9500,6000,16000,12000,7900,19000,15000,10000,22000,18000,13000,26000,22000,16000,31000,26000,20000,35000,31000,24000,40000,36000,29000,46000,42000,34000,52000,49000,40000,60000,56000,47000,68000,63000,53000,75000,71000,60000,84000,79000,66000,93000,87000,74000,100000,96000,81000,110000,100000,89000,120000,110000,97000,130000,120000,100000,140000,130000,110000,150000,140000,120000,160000,140000,130000,170000,150000,130000,180000,160000,140000,190000,170000,140000,200000,180000,150000,210000,180000,150000,210000,190000,150000,220000
Argentina,3600,3000,4500,4800,4200,6000,6200,5400,7700,7700,6800,9600,9100,8100,11000,10000,9200,13000,12000,10000,14000,13000,11000,16000,14000,12000,17000,15000,13000,18000,16000,14000,19000,17000,15000,20000,18000,16000,21000,19000,17000,21000,20000,17000,23000,21000,18000,23000,21000,19000,24000,22000,20000,25000,23000,20000,26000,24000,21000,27000,24000,21000,28000,25000,22000,28000,26000,23000,29000,26000,23000,30000,27000,24000,31000,27000,24000,31000,28000,24000,32000,28000,24000,32000,28000,24000,33000,29000,24000,33000
Armenia,,,,,,,,,,,,,,,,,,,,,,,,,,,,,,,,,,,,,,,,,,,,,,,,1000,,,1100,,,1100,,,1100,,,1100,,,1100,,,1100,,,1100,,,1100,,,1100,,,1100,,,1100,,,1100,,,1100,,,1100
Australia,,,,,,1100,1000,,1200,1000,,1200,1100,,1200,1100,,1200,1100,,1200,1100,,1300,1100,,1300,1100,,1300,1200,,1400,1200,,1400,1200,1000,1400,1200,1000,1500,1300,1000,1500,1300,1100,1500,1300,1100,1600,1400,1100,1600,1400,1100,1700,1500,1100,1700,1500,1200,1800,1500,1200,1900,1600,1200,1900,1600,1300,2000,1700,1300,2100,1800,1400,2200,1800,1400,2300,1900,1400,2400,1900,1400,2500,1900,1400,2600
Austria,,,,,,,,,,,,,,,,,,,,,,,,,,,,,,,,,,,,,,,,,,,,,,,,,,,,,,,,,,,,,,,,,,,,,,,,,,,,,,,,,,,,,,,,,,
Azerbaijan,,,,,,,,,,,,,,,,,,,,,1000,,,1700,,,2500,1300,,3200,1700,,3500,2000,,3700,2300,,3800,2500,1200,3900,2600,1500,4000,2700,1700,3900,2800,1900,3900,2800,2000,3900,2800,2100,3900,2900,2100,3800,2800,2100,3800,2800,2100,3800,2800,2100,3700,2700,2100,3600,2700,2100,3600,2700,2000,3500,2600,2000,3500,2600,2000,3500,2600,2000,3500,2600,2000,3400
Bahamas,,,,,,,,,,,,,,,,,,,,,,,,,,,,,,,,,,,,,,,,,,,,,,,,,,,,,,,,,,,,,,,,,,,,,,,,,,,,,,,,,,,,,,,,,,
Bahrain,,,,,,,,,,,,,,,,,,,,,,,,,,,,,,,,,,,,,,,,,,,,,,,,,,,,,,,,,,,,,,,,,,,,,,,,,,,,,,,,,,,,,,,,,,
Bangladesh,,,,,,,,,,,,,,,,,,,,,,,,,,,,,,,,,,,,,,,,,,,,,,,,,,,,,,,,,,,,,,,,,,,,,,,,,,,,,,,,,,,,,,,,,,
Barbados,1500,1200,1800,1500,1200,1900,1500,1200,1900,1500,1200,1900,1500,1200,1900,1500,1100,1900,1500,1100,1800,1400,1000,1800,1400,1000,1800,1300,,1800,1300,,1700,1200,,1600,1200,,1600,1100,,1600,1100,,1600,1100,,1500,1000,,1500,,,1400,,,1400,,,1400,,,1300,,,1300,,,1200,,,1200,,,1200,,,1100,,,1100,,,1000,,,,,,
Belarus,,,,,,,,,,,,,,,,,,,,,,,,,,,,,,,,,,,,,,,1200,1300,1000,1600,1700,1400,2000,2100,1700,2600,2600,2100,3100,3100,2500,3600,3600,2900,4200,4100,3300,4800,4600,3800,5400,5200,4200,6100,5800,4700,6900,6400,5200,7600,7000,5600,8300,7600,6100,9000,8200,6500,9800,8700,7000,11000,9100,7400,11000,9600,7700,12000
Belgium,,,,,,,,,,,,,,,,,,,,,,,,,,,,,,,,,,,,,,,,,,,,,,,,,,,,,,,,,,,,,,,,,,,,,,,,,,,,,,,,,,,,,,,,,,
Belize,,,,,,,,,,,,,,,,,,,,,,,,,,,,,,,,,,,,,,,,,,,,,,,,,,,,,,,,,,,,,,,,,,,,,,,,,,,,,,,,,,,,,,,,,,
Benin,1700,1100,2600,2800,1900,4400,4500,3000,6900,6700,4400,10000,9200,6100,14000,12000,7900,18000,15000,9600,22000,17000,11000,26000,19000,13000,30000,21000,14000,32000,23000,15000,35000,24000,16000,37000,25000,17000,39000,26000,17000,40000,27000,18000,41000,27000,18000,42000,27000,18000,42000,28000,18000,42000,28000,18000,43000,29000,19000,44000,30000,20000,46000,31000,20000,48000,32000,21000,49000,33000,21000,50000,33000,22000,51000,34000,22000,52000,34000,22000,52000,34000,23000,53000,35000,23000,53000,35000,23000,54000
Bhutan,,,,,,,,,,,,,,,,,,,,,,,,,,,,,,,,,,,,,,,,,,,,,,,,,,,,,,,,,,,,,,,,,,,,,,,,,,,,,,,,,,,,,,,,,,
Bolivia(PlurinationalStateof),3500,1700,6300,4200,2100,7100,5000,2500,8200,5700,2900,9100,6300,3400,9900,6700,3800,10000,7100,3900,10000,7300,4200,10000,7300,4400,10000,7200,4600,9800,7000,4700,9100,6700,4700,8600,6300,4700,8000,5900,4500,7400,5500,4300,6800,5100,4000,6300,4700,3700,5800,4400,3300,5400,4100,3100,5100,3800,3000,4800,3700,2900,4500,3600,2900,4400,3600,3000,4300,3700,3100,4400,3800,3200,4400,3900,3300,4600,4100,3400,4700,4200,3500,4900,4300,3600,5100,4400,3600,5200
BosniaandHerzegovina,,,,,,,,,,,,,,,,,,,,,,,,,,,,,,,,,,,,,,,,,,,,,,,,,,,,,,,,,,,,,,,,,,,,,,,,,,,,,,,,,,,,,,,,,,
Botswana,21000,18000,24000,31000,27000,35000,43000,39000,47000,58000,53000,62000,73000,68000,78000,88000,83000,93000,100000,97000,110000,110000,110000,120000,120000,120000,130000,130000,120000,140000,140000,130000,140000,140000,130000,150000,140000,130000,150000,140000,130000,150000,140000,130000,150000,140000,130000,160000,150000,130000,160000,150000,130000,160000,150000,130000,170000,150000,140000,170000,160000,140000,170000,160000,140000,170000,160000,140000,180000,160000,150000,180000,170000,150000,180000,170000,150000,180000,170000,150000,180000,170000,150000,180000,170000,150000,180000,170000,150000,180000
Brazil,44000,20000,64000,53000,24000,78000,62000,28000,91000,70000,32000,100000,79000,36000,120000,88000,39000,130000,96000,43000,140000,110000,47000,150000,120000,52000,170000,130000,58000,190000,140000,64000,210000,150000,69000,220000,160000,73000,240000,170000,78000,250000,180000,81000,260000,190000,85000,270000,200000,87000,280000,200000,89000,290000,200000,91000,290000,210000,92000,300000,210000,94000,300000,210000,95000,310000,220000,95000,310000,220000,97000,310000,220000,97000,320000,220000,98000,320000,220000,98000,320000,220000,98000,320000,220000,98000,320000,220000,98000,310000
BruneiDarussalam,,,,,,,,,,,,,,,,,,,,,,,,,,,,,,,,,,,,,,,,,,,,,,,,,,,,,,,,,,,,,,,,,,,,,,,,,,,,,,,,,,,,,,,,,,
Bulgaria,,,,,,,,,,,,,,,,,,,,,,,,,,,,,,,,,,,,,,,,,,,,,,,,,,,,,,,,,,,,,,,,,,,,,,,,,,,,,,,,,,,,,,,,,,
BurkinaFaso,47000,30000,69000,53000,35000,75000,58000,40000,77000,60000,44000,79000,62000,48000,79000,63000,51000,78000,63000,52000,76000,62000,52000,75000,61000,51000,73000,60000,49000,72000,58000,47000,70000,56000,45000,68000,54000,42000,65000,52000,40000,63000,50000,39000,62000,49000,38000,60000,48000,38000,59000,48000,38000,59000,47000,38000,58000,47000,38000,58000,47000,38000,57000,47000,37000,56000,46000,37000,56000,46000,37000,56000,46000,37000,55000,46000,36000,55000,45000,36000,55000,44000,35000,54000,44000,34000,53000,43000,33000,52000
Burundi,49000,23000,78000,55000,29000,80000,60000,36000,80000,63000,41000,81000,64000,45000,81000,64000,49000,79000,62000,49000,76000,60000,48000,73000,57000,47000,69000,54000,44000,65000,51000,41000,62000,49000,39000,59000,47000,37000,57000,45000,36000,54000,43000,34000,53000,42000,34000,52000,41000,33000,51000,40000,33000,50000,40000,33000,49000,39000,33000,48000,39000,33000,48000,38000,32000,47000,38000,32000,46000,38000,32000,46000,37000,32000,45000,37000,31000,44000,37000,31000,44000,36000,30000,43000,35000,29000,43000,35000,28000,42000
CaboVerde,,,,,,,,,,,,,,,,,,,,,,,,,,,1100,,,1100,,,1200,,,1200,,,1200,,,1200,,,1200,,,1200,,,1200,,,1200,,,1100,,,1100,,,1100,,,1100,,,1100,,,1100,,,1100,,,1100,,,1100,,,1100,,,1200,,,1200
Cambodia,,,,1300,1100,1500,3400,3000,3800,7300,6500,8300,13000,11000,15000,19000,17000,22000,25000,22000,29000,31000,27000,35000,35000,31000,41000,39000,34000,45000,41000,36000,47000,41000,36000,48000,41000,35000,48000,40000,34000,48000,39000,33000,47000,38000,32000,46000,37000,31000,45000,36000,30000,44000,35000,30000,43000,34000,29000,41000,33000,28000,40000,33000,28000,39000,32000,27000,38000,31000,26000,36000,30000,25000,35000,28000,24000,33000,27000,23000,31000,26000,22000,30000,24000,21000,28000,23000,20000,27000
Cameroon,20000,14000,26000,29000,21000,37000,40000,29000,50000,55000,41000,66000,73000,56000,85000,94000,76000,110000,120000,99000,130000,140000,120000,160000,170000,150000,180000,190000,170000,210000,210000,190000,230000,230000,200000,250000,240000,220000,260000,240000,220000,260000,250000,230000,270000,260000,230000,280000,260000,230000,280000,260000,230000,290000,260000,230000,290000,270000,230000,300000,270000,240000,300000,270000,240000,300000,270000,240000,310000,270000,240000,310000,270000,240000,310000,270000,230000,310000,270000,230000,300000,270000,230000,300000,270000,230000,300000,260000,230000,300000
Canada,,,,,,,,,,,,,,,,,,,,,,,,,,,,,,,,,,,,,,,,,,,,,,,,,,,,,,,,,,,,,,,,,,,,,,,,,,,,,,,,,,,,,,,,,,
CentralAfricanRepublic,23000,16000,32000,31000,23000,43000,39000,30000,53000,46000,35000,62000,53000,40000,70000,58000,44000,75000,62000,48000,79000,66000,53000,82000,68000,55000,83000,69000,58000,83000,70000,59000,83000,69000,58000,82000,69000,58000,81000,68000,57000,80000,67000,56000,79000,65000,55000,76000,64000,53000,75000,63000,52000,74000,61000,51000,73000,60000,50000,72000,59000,48000,70000,57000,46000,68000,54000,45000,65000,52000,43000,63000,50000,41000,61000,48000,40000,60000,47000,39000,59000,47000,38000,59000,46000,38000,59000,46000,37000,60000
Chad,14000,7800,25000,17000,11000,29000,21000,14000,35000,25000,17000,39000,28000,20000,43000,31000,23000,45000,34000,25000,48000,36000,27000,51000,38000,28000,52000,39000,29000,53000,40000,31000,53000,41000,32000,54000,41000,32000,53000,42000,33000,53000,42000,33000,53000,42000,33000,52000,42000,33000,51000,42000,34000,52000,43000,34000,53000,44000,35000,54000,45000,36000,55000,47000,38000,57000,48000,38000,58000,49000,39000,59000,50000,40000,60000,51000,41000,61000,51000,41000,62000,52000,41000,63000,52000,42000,63000,53000,42000,64000
Chile,,,,,,,,,,1000,,1100,1200,1100,1300,1500,1400,1600,1800,1600,1900,2000,1900,2200,2300,2100,2500,2500,2300,2800,2700,2500,3000,3000,2700,3300,3200,2900,3500,3400,3100,3800,3600,3300,4000,3700,3400,4200,3900,3600,4400,4100,3800,4600,4400,4000,4800,4600,4200,5100,4900,4500,5400,5300,4800,5700,5700,5200,6100,6100,5500,6600,6500,6000,7100,7100,6500,7700,7600,7000,8300,8200,7500,9000,8900,8100,9700,9500,8600,10000
China,,,,,,,,,,,,,,,,,,,,,,,,,,,,,,,,,,,,,,,,,,,,,,,,,,,,,,,,,,,,,,,,,,,,,,,,,,,,,,,,,,,,,,,,,,
Colombia,5200,1100,13000,7500,1700,13000,10000,2800,16000,13000,4400,18000,16000,6000,21000,18000,8100,23000,20000,11000,26000,22000,13000,27000,23000,16000,28000,23000,18000,28000,23000,19000,28000,23000,19000,29000,23000,19000,29000,23000,19000,28000,23000,19000,28000,23000,19000,28000,23000,20000,28000,24000,20000,28000,24000,21000,29000,25000,21000,29000,25000,22000,30000,26000,22000,31000,27000,23000,32000,28000,24000,33000,29000,24000,35000,31000,25000,37000,32000,26000,39000,33000,28000,41000,35000,28000,42000,36000,29000,44000
Comoros,,,,,,,,,,,,,,,,,,,,,,,,,,,,,,,,,,,,,,,,,,,,,,,,,,,,,,,,,,,,,,,,,,,,,,,,,,,,,,,,,,,,,,,,,,
Congo,23000,17000,30000,27000,21000,36000,31000,25000,40000,33000,27000,42000,36000,30000,45000,38000,31000,46000,39000,32000,47000,40000,33000,49000,41000,34000,49000,42000,35000,50000,42000,36000,50000,42000,36000,50000,42000,36000,50000,42000,36000,50000,42000,36000,50000,42000,35000,50000,43000,35000,50000,44000,36000,51000,45000,37000,52000,46000,37000,53000,47000,39000,54000,48000,39000,55000,49000,40000,56000,49000,41000,58000,50000,41000,61000,51000,41000,64000,52000,42000,67000,54000,42000,71000,55000,42000,74000,56000,41000,79000
CostaRica,,,,,,,,,,,,,,,,,,,,,,,,,,,1100,,,1200,,,1300,1100,,1400,1200,,1500,1300,,1600,1400,1000,1800,1500,1100,1900,1600,1200,2000,1700,1300,2200,1800,1400,2300,1900,1500,2400,2000,1500,2600,2100,1600,2700,2200,1700,2800,2300,1800,2900,2400,1800,3000,2500,1900,3100,2600,2000,3200,2700,2100,3300,2800,2200,3500,2900,2300,3600
Croatia,,,,,,,,,,,,,,,,,,,,,,,,,,,,,,,,,,,,,,,,,,,,,,,,,,,,,,,,,,,,,,,,,,,,,,,,,,,,,,,,,,,,,,,,,,
Cuba,,,,,,,,,,,,,,,,,,,,,,,,,,,,,,,,,,,,1100,,,1300,1100,,1500,1200,,1800,1400,,2000,1600,,2300,1800,1000,2600,2100,1200,2900,2300,1300,3300,2600,1400,3600,2800,1600,3900,3100,1700,4300,3300,1900,4500,3500,2000,4800,3600,2000,5000,3800,2100,5200,3900,2200,5400,3900,2200,5400,4000,2200,5500
Cyprus,,,,,,,,,,,,,,,,,,,,,,,,,,,,,,,,,,,,,,,,,,,,,,,,,,,,,,,,,,,,,,,,,,,,,,,,,,,,,,,,,,,,,,,,,,
Czechia,,,,,,,,,,,,,,,,,,,,,,,,,,,,,,,,,,,,,,,,,,,,,,,,,,,,,,,,,,,,,,,,,,,,,,,,,,,,,,,,,,,,,,,,,,
CÃ´ted'Ivoire,110000,72000,170000,140000,93000,200000,160000,120000,230000,190000,140000,260000,220000,170000,280000,240000,190000,300000,260000,210000,320000,270000,230000,330000,280000,240000,330000,280000,250000,330000,280000,250000,320000,280000,250000,310000,270000,240000,310000,270000,240000,300000,260000,230000,290000,250000,220000,280000,250000,210000,280000,240000,210000,270000,240000,200000,270000,230000,200000,270000,230000,200000,270000,230000,200000,260000,220000,190000,260000,220000,190000,260000,220000,190000,250000,210000,180000,250000,210000,180000,240000,210000,180000,240000,200000,170000,240000,200000,170000,230000
DemocraticPeople'sRepublicofKorea,,,,,,,,,,,,,,,,,,,,,,,,,,,,,,,,,,,,,,,,,,,,,,,,,,,,,,,,,,,,,,,,,,,,,,,,,,,,,,,,,,,,,,,,,,
DemocraticRepublicoftheCongo,180000,150000,220000,210000,180000,240000,230000,200000,270000,260000,220000,290000,280000,240000,310000,290000,250000,330000,300000,260000,350000,310000,270000,360000,310000,270000,360000,320000,270000,370000,320000,270000,370000,320000,270000,370000,310000,260000,370000,310000,260000,370000,310000,250000,360000,300000,250000,360000,300000,240000,350000,300000,240000,350000,290000,240000,350000,290000,240000,350000,290000,230000,350000,290000,230000,350000,280000,230000,340000,280000,230000,340000,280000,230000,340000,280000,220000,330000,280000,220000,330000,280000,220000,340000,280000,220000,340000,280000,220000,340000
Denmark,,,,,,,,,,,,,,,,,,,,,,,,,,,,,,,,,,,,,,,,,,,,,,,,,,,,,,,,,,,,,,,,,,,,,,,,,,,,,,,,,,,,,,,,,,
Djibouti,,,,,,1000,,,1700,,,2700,1500,,4100,2300,,5600,3300,,6400,4300,1500,7000,5200,2300,7600,5800,3000,8100,6300,4200,8400,6400,5000,8500,6400,4900,8400,6200,4700,8100,6000,4400,7900,5700,4200,7700,5400,3900,7300,5200,3600,7100,4900,3400,6800,4600,3200,6500,4400,3100,6300,4100,2900,6000,3900,2700,5700,3600,2500,5400,3400,2400,5200,3200,2300,4900,3100,2200,4600,2900,2100,4300,2800,2000,4200,2600,1900,4000
DominicanRepublic,15000,8600,21000,18000,12000,25000,22000,16000,30000,26000,20000,35000,30000,23000,41000,33000,26000,44000,36000,28000,47000,38000,30000,50000,39000,31000,52000,40000,32000,52000,40000,32000,52000,40000,32000,52000,39000,32000,51000,39000,31000,50000,37000,30000,48000,36000,28000,47000,35000,27000,45000,34000,27000,44000,33000,26000,43000,32000,26000,42000,32000,25000,40000,31000,25000,39000,30000,24000,38000,29000,24000,37000,29000,23000,36000,28000,23000,35000,27000,22000,33000,26000,22000,33000,25000,22000,32000,25000,21000,31000
Ecuador,2500,,5600,3000,,6500,3400,1100,7000,3900,1500,7100,4300,1900,8000,4600,2100,8600,5000,2200,9000,5300,2700,9100,5600,3000,9600,5800,3200,10000,6100,3600,10000,6300,4000,11000,6500,4300,11000,6600,4500,11000,6700,4600,11000,6900,4800,11000,7000,5000,12000,7200,5100,12000,7400,5300,13000,7700,5500,14000,8000,5800,14000,8300,6000,15000,8600,6200,15000,8900,6500,16000,9300,6700,16000,9600,7000,16000,10000,7300,17000,10000,7500,17000,11000,7800,18000,11000,7900,18000
Egypt,,,,,,,,,,,,,,,,,,,,,,,,,,,,,,,,,,,,,,,1100,,,1300,,,1500,,,1700,,,1900,1000,,2000,1200,,2100,1300,,2200,1500,1100,2400,1700,1300,2700,2000,1500,2900,2400,1800,3300,2800,2000,3800,3300,2500,4500,4000,2900,5200,4800,3500,6100,5700,4200,7500,6900,5000,9000
ElSalvador,,,,,,,1100,,1300,1500,1300,1700,1900,1700,2100,2300,2000,2600,2800,2400,3100,3200,2900,3600,3700,3300,4100,4200,3700,4600,4600,4100,5200,5100,4500,5700,5500,4800,6200,5900,5100,6600,6200,5400,7000,6500,5600,7400,6800,5800,7800,7100,6200,8200,7400,6400,8500,7600,6500,8800,7700,6700,9000,7900,6900,9100,7900,6900,9200,8000,6900,9300,8000,6900,9200,7900,6800,9100,7700,6600,9000,7600,6500,8800,7300,6300,8600,7100,6000,8300
EquatorialGuinea,,,1800,1200,,2200,1500,,2800,1900,1000,3400,2300,1400,4000,2800,1700,4500,3300,2100,5100,3900,2500,5800,4500,3000,6700,5100,3500,7400,5700,4100,8200,6400,4700,8900,7100,5300,9600,7800,5900,10000,8500,6600,11000,9300,7400,12000,10000,8200,13000,11000,9200,14000,12000,10000,15000,14000,11000,16000,15000,12000,17000,16000,14000,19000,17000,15000,20000,19000,16000,22000,20000,17000,24000,22000,18000,27000,23000,19000,29000,25000,20000,32000,26000,20000,35000,28000,21000,37000
Eritrea,3400,1400,6600,4300,2000,7700,5200,2600,8300,5900,3400,8800,6500,4200,9400,7000,4700,9700,7300,5100,10000,7500,5400,10000,7800,5800,11000,8000,5900,11000,8400,6300,11000,8900,6600,12000,9200,6900,13000,9500,7200,13000,9500,7200,13000,9400,7000,13000,9100,6800,12000,8900,6700,12000,8600,6500,12000,8400,6300,11000,8100,6100,11000,7800,5900,11000,7600,5700,10000,7300,5600,9900,7100,5400,9700,6900,5200,9400,6700,5000,9200,6500,4800,8900,6300,4500,8700,6100,4300,8500
Estonia,,,,,,,,,,,,,,,,,,,,,,,,,,,,,,,,,,,,,,,,,,,,,,,,,,,,,,,,,,,,,,,,,,,,,,,,,,,,,,,,,,,,,,,,,,
Eswatini,1900,1400,2700,4300,3200,5900,8400,6200,11000,14000,11000,18000,22000,18000,28000,31000,25000,37000,39000,33000,46000,47000,41000,53000,53000,48000,59000,59000,53000,64000,64000,58000,69000,68000,62000,73000,71000,65000,76000,74000,68000,80000,77000,71000,83000,80000,73000,86000,83000,76000,89000,87000,79000,93000,90000,82000,97000,93000,85000,100000,96000,87000,100000,98000,89000,110000,100000,92000,110000,100000,95000,110000,110000,96000,110000,110000,98000,110000,110000,99000,110000,110000,99000,110000,110000,98000,110000,110000,97000,110000
Ethiopia,200000,150000,260000,250000,190000,330000,300000,220000,400000,350000,260000,450000,380000,280000,500000,400000,300000,530000,420000,310000,540000,420000,310000,550000,420000,310000,550000,420000,310000,540000,410000,300000,530000,400000,290000,520000,380000,280000,500000,370000,270000,480000,350000,260000,460000,340000,250000,440000,330000,240000,430000,320000,240000,420000,320000,240000,420000,320000,240000,420000,320000,240000,420000,320000,240000,420000,320000,240000,420000,320000,240000,420000,320000,240000,420000,320000,230000,410000,310000,230000,410000,310000,230000,400000,300000,220000,400000,300000,220000,390000
Fiji,,,,,,,,,,,,,,,,,,,,,,,,,,,,,,,,,,,,,,,,,,,,,,,,,,,,,,,,,,,,,,,,,,,,,,,,,,,,,,,,,,,,,,,,,,
Finland,,,,,,,,,,,,,,,,,,,,,,,,,,,,,,,,,,,,,,,,,,,,,,,,,,,,,,,,,,,,,,,,,,,,,,,,,,,,,,,,,,,,,,,,,,
France,,,,,,,,,,,,,,,,,,,,,,,,,,,,,,,,,,,,,,,,,,,,,,,,,,,,,,,,,,,,,,,,,,,,,,,,,,,,,,,,,,,,,,,,,,
Gabon,2700,1400,4700,3600,2000,6000,4800,2700,7800,6300,3800,9700,8000,4900,12000,9800,6100,15000,12000,7500,17000,14000,9000,19000,15000,10000,21000,17000,11000,23000,18000,12000,25000,19000,13000,26000,20000,14000,26000,20000,15000,27000,21000,16000,27000,21000,17000,27000,22000,18000,28000,23000,18000,29000,23000,19000,29000,24000,20000,30000,25000,20000,31000,25000,20000,32000,26000,20000,33000,27000,21000,33000,27000,21000,34000,28000,21000,35000,28000,21000,35000,28000,21000,35000,28000,20000,36000,27000,20000,36000
Gambia,,,,,,,,,,,,1300,1200,,1700,1600,1100,2300,2100,1500,3000,2700,2000,4000,3400,2500,5000,4100,3000,5900,4800,3600,6700,5400,4100,7500,6000,4600,8400,6500,5100,9000,7000,5500,9400,7400,5800,9800,7800,6200,10000,8200,6500,11000,8500,6800,11000,8900,7100,11000,9200,7400,12000,9600,7800,12000,10000,8100,13000,11000,8500,13000,11000,8900,14000,11000,9200,14000,12000,9400,15000,12000,9800,15000,13000,10000,16000,13000,10000,16000
Georgia,,,,,,,,,,,,,,,,,,,,,,,,,,,,,,,,,,,,,,,,,,,,,,,,,,,,,,,,,,,,,,,1000,,,1200,1000,,1500,1200,,1700,1300,,2000,1500,1100,2300,1700,1100,2600,1800,1200,2900,2000,1300,3300,2200,1300,3600
Germany,,,,,,,,,,,,,,,,,,,,,,,,,,,,,,,,,,,,,,,,,,,,,,,,,,,,,,,,,,,,,,,,,,,,,,,,,,,,,,,,,,,,,,,,,,
Ghana,55000,33000,82000,67000,43000,97000,78000,53000,110000,89000,65000,120000,100000,78000,130000,110000,87000,140000,120000,94000,140000,120000,100000,150000,130000,110000,150000,130000,110000,160000,140000,110000,160000,140000,120000,160000,140000,120000,160000,140000,120000,160000,140000,120000,160000,140000,120000,160000,140000,120000,160000,140000,120000,170000,150000,120000,170000,150000,120000,170000,150000,120000,180000,150000,120000,180000,160000,120000,190000,160000,120000,200000,160000,120000,200000,170000,120000,210000,170000,120000,220000,170000,120000,220000,170000,120000,230000,170000,120000,240000
Greece,,,,,,,,,,,,,,,,,,,,,,,,,,,,,,,,,,,,,,,,,,,,,,,,,,,,,,,,,,,,,,,,,,,,,,,,,,,,,,,,,,,,,,,,,,
Guatemala,2100,1000,4400,2600,1300,5100,3100,1600,5900,3600,1900,6400,4100,2300,6800,4700,2800,7200,5300,3400,7600,5900,4200,8100,6500,4900,8400,7100,5600,9200,7600,6100,9500,8100,6700,9900,8700,6900,11000,9200,7400,11000,9800,7800,12000,10000,8000,13000,11000,8300,13000,11000,8600,14000,12000,9100,14000,12000,9300,15000,12000,9600,15000,13000,9900,16000,13000,10000,16000,13000,10000,16000,13000,10000,16000,12000,10000,15000,12000,10000,15000,12000,9900,14000,11000,9700,13000,11000,9400,13000
Guinea,12000,6800,21000,15000,8800,23000,18000,11000,28000,22000,14000,31000,25000,17000,35000,29000,21000,39000,32000,24000,42000,36000,27000,46000,39000,30000,48000,41000,33000,51000,43000,34000,53000,44000,36000,54000,45000,37000,55000,46000,38000,55000,46000,39000,55000,46000,40000,55000,47000,40000,54000,47000,40000,55000,48000,41000,55000,49000,42000,56000,49000,43000,57000,50000,44000,57000,51000,44000,58000,52000,45000,59000,53000,46000,60000,53000,46000,61000,54000,46000,62000,55000,47000,63000,55000,47000,63000,55000,47000,64000
Guinea-Bissau,,,,,,1100,1200,,1600,1700,1200,2200,2400,1800,3000,3500,2700,4200,4700,3800,5600,6200,5100,7300,7800,6600,9000,9400,8200,11000,11000,9600,12000,12000,11000,14000,13000,12000,15000,14000,13000,16000,15000,13000,16000,15000,14000,17000,15000,14000,17000,16000,14000,17000,16000,14000,18000,16000,15000,18000,17000,15000,19000,17000,15000,19000,18000,15000,20000,18000,16000,20000,18000,16000,21000,19000,16000,21000,19000,16000,21000,19000,17000,22000,20000,17000,22000,20000,17000,22000
Guyana,,,,,,,,,,,,,,,,,,,,,,,,,,,,,,1300,1200,,1600,1600,1200,2000,1900,1500,2400,2200,1800,2600,2400,2100,2800,2600,2300,3000,2800,2500,3200,2900,2600,3300,3000,2700,3400,3100,2800,3400,3100,2800,3400,3100,2800,3400,3100,2800,3400,3100,2800,3400,3100,2800,3400,3100,2800,3400,3100,2800,3400,3000,2800,3300,3000,2800,3300,3000,2700,3300
Haiti,37000,28000,48000,44000,34000,55000,50000,40000,61000,55000,45000,65000,58000,49000,70000,61000,52000,73000,63000,54000,75000,64000,54000,75000,65000,54000,76000,65000,54000,76000,65000,53000,76000,65000,54000,76000,65000,53000,75000,65000,53000,74000,64000,52000,73000,63000,52000,72000,63000,52000,71000,63000,53000,72000,64000,53000,73000,65000,54000,74000,66000,55000,75000,67000,56000,76000,67000,57000,77000,68000,58000,78000,69000,59000,79000,69000,59000,80000,70000,60000,80000,70000,60000,81000,70000,59000,81000,70000,59000,81000
Honduras,4100,2800,6300,5000,3500,7400,6000,4400,8600,6900,5200,9500,7700,5900,10000,8400,6600,11000,9000,7200,11000,9300,7600,11000,9500,8000,11000,9500,8000,11000,9400,7900,11000,9100,7600,10000,8700,7200,9900,8300,6800,9500,8000,6500,9300,7800,6200,9100,7600,6100,8800,7400,6000,8600,7300,5900,8600,7200,5900,8400,7000,5900,8300,6900,5800,8200,6800,5800,8000,6700,5700,7900,6600,5700,7800,6600,5600,7600,6500,5500,7500,6300,5400,7300,6200,5200,7200,6100,5100,6900
Hungary,,,,,,,,,,,,,,,,,,,,,,,,,,,,,,,,,,,,,,,,,,,,,,,,,,,,,,,,,,,,,,,,,,,,,,,,,,,,,,,,,,,,,,,,,,
Iceland,,,,,,,,,,,,,,,,,,,,,,,,,,,,,,,,,,,,,,,,,,,,,,,,,,,,,,,,,,,,,,,,,,,,,,,,,,,,,,,,,,,,,,,,,,
India,,,,,,,,,,,,,,,,,,,,,,,,,,,,,,,,,,,,,,,,,,,,,,,,,,,,,,,,,,,,,,,,,,,,,,,,,,,,,,,,,,,,,,,,,,
Indonesia,,,,,,,,,,,,,,,,,,,,,,,,,,,,,,,,,,,,,,,,,,,,,,,,,,,,,,,,,,,,,,,,,,,,,,,,,,,,,,,,,,,,,,,,,,
Iran(IslamicRepublicof),,,6800,1000,,6900,1100,,7000,1300,,6800,1300,,6600,1500,,6400,1900,,6800,2500,,7700,3000,1100,8400,3600,1400,8600,4200,1800,9200,4800,2400,10000,5500,2800,9700,6100,3400,10000,6700,4200,10000,7300,4800,11000,7800,5300,11000,8300,5800,11000,8800,6100,12000,9300,6600,12000,9800,6800,13000,10000,7100,14000,11000,7400,16000,11000,7600,17000,12000,7700,19000,12000,7900,20000,12000,8000,22000,13000,7700,24000,13000,7600,25000,14000,7600,27000
Ireland,,,,,,,,,,,,,,,,,,,,,,,,,,,,,,,,,,,,,,,,,,1000,,,1100,1000,,1200,1100,,1200,1100,,1300,1200,,1400,1200,1000,1400,1300,1100,1500,1300,1100,1500,1300,1100,1500,1300,1100,1500,1300,1100,1500,1300,1100,1500,1300,1100,1500,1300,1100,1500,1300,1100,1500,1300,1100,1500
Israel,,,,,,,,,,,,,,,,,,,,,,,,,,,,,,,,,,,,,,,,,,,,,,,,,,,,,,,,,,,,,,,,,,,,,,,,,,,,,,,,,,,,,,,,,,
Italy,11000,8900,13000,12000,9100,14000,12000,9200,14000,12000,9200,15000,12000,8900,15000,12000,8800,15000,12000,8700,16000,13000,9000,16000,13000,9600,18000,14000,10000,19000,15000,11000,20000,16000,12000,22000,17000,13000,24000,18000,14000,25000,19000,14000,27000,20000,15000,28000,21000,15000,29000,21000,15000,30000,22000,16000,31000,22000,16000,32000,23000,15000,32000,23000,15000,32000,22000,14000,33000,22000,14000,33000,22000,13000,33000,21000,13000,32000,21000,12000,32000,20000,11000,31000,20000,11000,31000,19000,10000,31000
Jamaica,3100,1100,6000,3900,1700,6400,4800,2500,7500,5600,3400,8300,6300,4300,9100,6900,5100,9800,7300,5800,10000,7600,6300,11000,7800,6500,11000,8000,6600,11000,8100,6700,11000,8100,6700,11000,7900,6600,11000,7800,6500,11000,7600,6300,11000,7500,6300,10000,7500,6300,10000,7600,6400,11000,7600,6400,11000,7700,6400,11000,7800,6500,11000,7900,6600,11000,7900,6600,11000,7900,6600,11000,8000,6600,11000,8000,6700,11000,8100,6700,11000,8100,6600,11000,8000,6500,11000,8000,6500,11000
Japan,,,,,,,,,,,,,,,,,,,,,,,,,,,,,,,,,,,,,,,,,,,,,,,,,,,,,,,,,,,,,,,,,,,,,,,,,,,,,,,,,,,,,,,,,,
Jordan,,,,,,,,,,,,,,,,,,,,,,,,,,,,,,,,,,,,,,,,,,,,,,,,,,,,,,,,,,,,,,,,,,,,,,,,,,,,,,,,,,,,,,,,,,
Kazakhstan,,,,,,,,,,,,,,,,,,1100,,,1200,,,1400,,,1600,,,1700,1100,,1900,1200,,2000,1400,1100,2100,1500,1300,2200,1700,1500,2300,2000,1700,2400,2200,2000,2600,2500,2200,2900,2800,2500,3200,3200,2800,3600,3500,3200,3900,3900,3500,4300,4400,3900,4800,4900,4400,5300,5400,4900,5900,6000,5500,6500,6700,6100,7200,7300,6700,8000,8100,7400,8900,8800,8000,9700
Kenya,250000,220000,290000,340000,300000,400000,440000,380000,510000,540000,470000,620000,620000,540000,710000,690000,590000,790000,730000,630000,840000,760000,660000,870000,780000,670000,890000,780000,670000,890000,770000,670000,890000,760000,660000,870000,740000,640000,850000,720000,620000,830000,700000,610000,800000,680000,590000,790000,670000,580000,770000,670000,580000,770000,670000,580000,770000,670000,580000,770000,680000,590000,780000,680000,590000,790000,690000,600000,790000,700000,610000,810000,710000,610000,820000,720000,620000,820000,720000,620000,830000,720000,620000,830000,720000,620000,830000,720000,620000,830000
Kuwait,,,,,,,,,,,,,,,,,,,,,,,,,,,,,,,,,,,,,,,,,,,,,,,,,,,,,,,,,,,,,,,,,,,,,,,,,,,,,,,,,,,,,,,,,,
Kyrgyzstan,,,,,,,,,,,,,,,,,,,,,,,,,,,,,,,,,,,,,,,,,,,,,,,,,,,,,,,,,,,,,1100,,,1300,,,1500,,,1600,,,1800,,,2000,,,2200,,,2400,,,2600,,,2800,2800,2800
LaoPeople'sDemocraticRepublic,,,,,,,,,,,,,,,,,,,,,,,,,,,,,,,,,,1000,,1100,1300,1100,1400,1600,1400,1800,1800,1600,2100,2100,1800,2400,2400,2100,2700,2700,2300,3000,3000,2600,3400,3200,2800,3700,3500,3000,4000,3800,3300,4300,4000,3500,4600,4200,3600,4800,4400,3800,5100,4600,4000,5200,4700,4100,5400,4800,4200,5600,5000,4300,5700,5100,4400,5800
Latvia,,,,,,,,,,,,,,,,,,,,,,,,,,,,,,,,,,,,,,,,,,1000,,,1100,,,1100,,,1200,,,1200,,,1300,,,1300,,,1300,1000,,1400,1000,,1400,1000,,1400,1100,,1400,1100,,1400,1100,,1500,1100,,1500,1200,,1600,1200,,1600
Lebanon,,,,,,,,,,,,,,,,,,,,,,,,,,,,,,,,,,,,,,,,,,,,,,,,,,,,,,,,,,,,,,,,,,,,,,,,,,,,,,,,,,,,,,,,,,
Lesotho,16000,12000,21000,23000,18000,29000,33000,27000,39000,45000,38000,52000,59000,51000,67000,74000,65000,83000,89000,80000,99000,100000,94000,110000,120000,110000,130000,120000,120000,130000,130000,120000,140000,140000,130000,140000,140000,130000,150000,140000,130000,150000,140000,130000,150000,140000,130000,150000,140000,130000,150000,140000,130000,150000,140000,140000,150000,140000,140000,150000,150000,140000,150000,150000,140000,150000,150000,140000,160000,150000,140000,160000,150000,140000,160000,150000,140000,160000,150000,140000,160000,150000,140000,160000,150000,140000,160000,150000,140000,160000
Liberia,9000,2400,21000,12000,3400,24000,13000,4800,24000,15000,6600,25000,17000,8800,25000,19000,11000,26000,20000,14000,28000,22000,17000,28000,24000,19000,29000,25000,21000,30000,25000,21000,30000,25000,21000,30000,25000,21000,30000,24000,20000,29000,24000,19000,29000,23000,19000,28000,23000,19000,28000,23000,18000,28000,23000,18000,28000,23000,18000,28000,23000,18000,28000,23000,18000,28000,23000,18000,28000,23000,18000,28000,22000,18000,28000,22000,18000,28000,22000,17000,28000,22000,17000,28000,22000,17000,28000,22000,17000,28000
Libya,,,,,,,,,,,,,,,,,,,,,,,,,,,,,,,,,,,,,,,,,,,,,,,,,,,1100,1000,,1300,1200,,1600,1300,,1800,1500,1100,2000,1600,1200,2100,1800,1300,2300,1900,1400,2500,2000,1500,2600,2100,1500,2700,2200,1600,2800,2200,1700,2800,2300,1700,2900,2300,1700,2900
Lithuania,,,,,,,,,,,,,,,,,,,,,,,,,,,,,,,,,,,,,,,,,,,,,,,,,,,,,,,,,,,,,,,,,,,,,,,,,,,,,,,,,,,,,,,,,,
Luxembourg,,,,,,,,,,,,,,,,,,,,,,,,,,,,,,,,,,,,,,,,,,,,,,,,,,,,,,,,,,,,,,,,,,,,,,,,,,,,,,,,,,,,,,,,,,
Madagascar,,,,,,,,,,,,,,,,,,,,,,,,,,,,,,1100,,,1300,1000,,1500,1200,,1700,1400,,2000,1600,1100,2200,1800,1300,2500,2100,1600,2900,2500,1800,3400,2900,2100,3900,3400,2600,4400,4000,3200,5200,4800,3900,6100,5700,4700,7000,6800,5600,8200,8000,6800,9700,9400,7900,11000,11000,9300,13000,13000,11000,15000,14000,12000,18000,16000,13000,20000
Malawi,190000,160000,220000,230000,200000,260000,260000,230000,290000,290000,260000,310000,310000,290000,340000,330000,310000,360000,360000,330000,380000,370000,350000,400000,390000,360000,420000,400000,370000,430000,410000,370000,440000,410000,370000,450000,410000,360000,450000,410000,360000,450000,400000,350000,440000,400000,350000,440000,400000,340000,440000,400000,340000,440000,400000,350000,450000,410000,350000,460000,420000,360000,460000,430000,370000,470000,440000,380000,480000,450000,400000,490000,460000,410000,500000,470000,420000,510000,470000,430000,520000,480000,430000,520000,480000,430000,530000,490000,440000,530000
Malaysia,,,,,,,,,,1200,,1500,1800,1500,2100,2400,1900,2800,3000,2400,3500,3600,2900,4200,4200,3500,5000,4900,4000,5700,5500,4500,6400,6000,4900,7000,6500,5400,7700,7100,5900,8300,7600,6400,8900,8100,6900,9500,8700,7400,10000,9200,7900,11000,9800,8500,11000,10000,9100,12000,11000,9700,13000,11000,10000,13000,12000,10000,14000,12000,11000,14000,12000,11000,14000,12000,11000,14000,12000,11000,14000,12000,11000,13000,12000,11000,13000,12000,11000,13000
Maldives,,,,,,,,,,,,,,,,,,,,,,,,,,,,,,,,,,,,,,,,,,,,,,,,,,,,,,,,,,,,,,,,,,,,,,,,,,,,,,,,,,,,,,,,,,
Mali,23000,10000,42000,27000,14000,45000,31000,18000,47000,34000,21000,49000,38000,25000,51000,40000,30000,51000,42000,33000,53000,44000,36000,54000,45000,37000,55000,46000,39000,55000,47000,40000,57000,47000,40000,56000,48000,40000,57000,48000,41000,57000,49000,41000,57000,49000,41000,58000,50000,42000,59000,51000,43000,61000,53000,44000,63000,54000,45000,65000,56000,47000,67000,57000,48000,69000,59000,49000,71000,61000,51000,72000,62000,52000,74000,64000,53000,76000,65000,53000,79000,66000,54000,81000,68000,55000,83000,69000,56000,87000
Malta,,,,,,,,,,,,,,,,,,,,,,,,,,,,,,,,,,,,,,,,,,,,,,,,,,,,,,,,,,,,,,,,,,,,,,,,,,,,,,,,,,,,,,,,,,
Mauritania,,,,,,,,,,,,1000,,,1200,,,1400,1200,,1700,1500,1100,1900,1800,1400,2200,2000,1600,2500,2300,1900,2700,2500,2100,2900,2700,2300,3100,2800,2400,3200,2900,2500,3300,2900,2500,3400,2900,2500,3400,2900,2500,3400,2900,2500,3400,2800,2400,3400,2800,2400,3300,2700,2300,3300,2600,2200,3300,2500,2000,3200,2400,1900,3100,2300,1800,3100,2200,1700,3000,2100,1600,2900,2000,1500,2900,1900,1400,2800
Mauritius,,,,,,,,,,,,,,,,,,,,,,,,,,,,,,1000,,,1300,1100,,1700,1400,,2000,1800,1200,2300,2100,1500,2500,2300,1800,2700,2500,2100,2800,2700,2300,3000,2800,2400,3100,2900,2500,3100,2900,2600,3100,2800,2600,3100,2800,2600,3000,2700,2500,3000,2700,2400,2900,2600,2400,2900,2600,2300,2800,2500,2300,2900,2500,2300,2900,2500,2200,2900
Mexico,,,,,,,,,,,,,,,,,,,,,,,,,,,,,,,,,,,,,,,,,,,,,,,,,,,,,,,,,,,,,,,,,,,,,,,,,,,,,,,,,,,,,,,,,,
Mongolia,,,,,,,,,,,,,,,,,,,,,,,,,,,,,,,,,,,,,,,,,,,,,,,,,,,,,,,,,,,,,,,,,,,,,,,,,,,,,,,,,,,,,,,,,,
Montenegro,,,,,,,,,,,,,,,,,,,,,,,,,,,,,,,,,,,,,,,,,,,,,,,,,,,,,,,,,,,,,,,,,,,,,,,,,,,,,,,,,,,,,,,,,,
Morocco,,,1100,,,1300,1000,,1600,1300,,1800,1600,1100,2100,1900,1400,2600,2200,1700,3000,2600,2000,3400,2900,2300,3800,3200,2500,4100,3500,2800,4500,3900,3000,4900,4100,3200,5200,4400,3300,5500,4700,3600,6000,5000,3900,6400,5300,4200,6700,5500,4400,6900,5700,4500,7200,6000,4700,7300,6100,4900,7500,6300,5000,7700,6500,5100,8000,6700,5300,8200,6800,5500,8500,7000,5600,8800,7100,5700,8900,7200,5800,9100,7300,5900,9300,7400,5900,9300
Mozambique,41000,33000,51000,58000,47000,72000,81000,65000,99000,110000,88000,130000,140000,120000,180000,180000,150000,220000,230000,180000,280000,270000,220000,340000,320000,260000,400000,370000,300000,460000,430000,340000,520000,470000,380000,580000,520000,420000,640000,560000,450000,690000,600000,480000,740000,630000,510000,780000,660000,540000,820000,700000,560000,860000,740000,590000,900000,770000,620000,950000,810000,660000,1000000,850000,690000,1000000,890000,720000,1100000,930000,750000,1100000,970000,780000,1200000,1000000,810000,1200000,1000000,840000,1300000,1100000,870000,1300000,1100000,890000,1400000,1100000,920000,1400000
Myanmar,,,1200,2200,1800,2600,4300,3500,5100,6900,5700,8000,10000,8300,12000,14000,11000,16000,17000,15000,20000,22000,19000,25000,27000,23000,31000,33000,28000,38000,39000,34000,45000,46000,40000,53000,52000,45000,60000,58000,50000,67000,63000,54000,73000,68000,58000,79000,71000,61000,83000,74000,64000,87000,77000,66000,91000,80000,69000,94000,82000,70000,97000,84000,71000,98000,85000,72000,100000,86000,73000,100000,87000,74000,100000,87000,75000,100000,87000,76000,100000,87000,76000,100000,87000,75000,99000,86000,75000,98000
Namibia,7200,5400,9000,11000,8400,13000,15000,13000,18000,21000,18000,24000,29000,26000,33000,38000,34000,42000,47000,43000,51000,56000,52000,60000,63000,59000,68000,69000,64000,74000,74000,69000,79000,77000,72000,82000,79000,74000,84000,80000,75000,85000,80000,75000,86000,81000,76000,87000,83000,76000,88000,84000,77000,90000,86000,79000,91000,87000,80000,92000,88000,82000,94000,90000,83000,95000,91000,84000,96000,91000,85000,97000,92000,85000,98000,93000,86000,98000,93000,86000,99000,94000,86000,100000,94000,86000,100000,94000,86000,100000
Nepal,,,,,,,,,,,,,,,,,,,,,,1200,1000,1300,2100,1900,2400,3200,2800,3700,4300,3800,5000,5300,4700,6100,6100,5400,7100,6800,6000,7900,7400,6500,8700,7900,6900,9300,8200,7100,9600,8300,7300,9900,8500,7400,10000,8700,7500,10000,8700,7500,10000,8800,7600,10000,8800,7600,11000,8800,7600,11000,8900,7700,11000,8900,7800,11000,9000,7800,11000,9000,7800,11000,8900,7800,10000,8900,7700,10000
Netherlands,1100,,1300,1100,,1300,1100,,1300,1100,,1300,1100,,1300,1100,,1400,1200,,1400,1300,1100,1500,1400,1200,1600,1500,1300,1700,1600,1300,1800,1700,1500,1900,1800,1500,2100,1900,1600,2200,2000,1700,2300,2000,1800,2400,2100,1900,2400,2200,1900,2500,2300,2000,2600,2300,2000,2700,2400,2100,2700,2400,2100,2800,2500,2100,2800,2500,2100,2800,2400,2100,2800,2400,2100,2800,2400,2100,2700,2300,2000,2700,2200,1900,2600,2100,1800,2500
NewZealand,,,,,,,,,,,,,,,,,,,,,,,,,,,,,,,,,,,,,,,,,,,,,,,,,,,,,,,,,,,,,,,,,,,,,,,,,,,,,,,,,,,,,,,,,,
Nicaragua,,,1200,,,1200,,,1200,,,1300,,,1400,,,1500,,,1700,,,1700,,,1700,1000,,1700,1100,,1800,1300,,1900,1400,1000,2000,1500,1200,2000,1600,1300,2100,1700,1400,2300,1800,1500,2400,2000,1600,2500,2100,1700,2600,2200,1800,2800,2200,1800,2800,2300,1900,2900,2300,1900,2900,2400,2000,2900,2400,2000,3000,2400,2000,3000,2500,2000,3000,2500,2000,3000,2500,2000,3000,2500,2000,3000
Niger,3200,2300,4000,4000,3100,5000,5000,3900,6200,6200,4900,7600,7400,6000,9000,8800,7200,11000,10000,8500,12000,11000,9700,14000,13000,11000,15000,14000,12000,16000,15000,12000,17000,15000,13000,17000,16000,13000,18000,16000,14000,18000,16000,14000,18000,16000,14000,18000,15000,13000,17000,15000,13000,17000,15000,13000,17000,14000,13000,16000,14000,13000,16000,14000,13000,16000,14000,13000,16000,14000,13000,16000,14000,13000,16000,14000,13000,15000,14000,12000,15000,13000,12000,15000,13000,12000,15000,13000,12000,15000
Nigeria,110000,78000,140000,130000,100000,180000,170000,120000,230000,200000,150000,270000,240000,180000,320000,270000,200000,370000,310000,230000,420000,350000,260000,470000,380000,280000,510000,410000,300000,560000,440000,320000,590000,460000,340000,620000,480000,350000,650000,490000,370000,670000,510000,380000,690000,520000,390000,700000,540000,400000,720000,550000,410000,750000,570000,420000,770000,590000,440000,790000,610000,450000,820000,620000,460000,840000,640000,480000,870000,670000,490000,900000,690000,510000,930000,710000,530000,960000,730000,540000,990000,750000,560000,1000000,770000,570000,1000000,780000,580000,1100000
NorthMacedonia,,,,,,,,,,,,,,,,,,,,,,,,,,,,,,,,,,,,,,,,,,,,,,,,,,,,,,,,,,,,,,,,,,,,,,,,,,,,,,,,,,,,,,,,,,
Norway,,,,,,,,,,,,,,,,,,,,,,,,,,,,,,,,,,,,,,,,,,,,,,,,,,,,,,,,,,,,,,,,,,,,,,,,,,,,,,,,,,,,,,,,,,
Oman,,,,,,,,,,,,,,,,,,,,,,,,,,,,,,,,,,,,,,,,,,,,,,,,,,,,,,,,,,,,,,,,,,,,,,,,,,,,,,,,,,,,,,,,,,
Pakistan,,,,,,,,,,,,,,,,,,,,,,,,,,,,,,,,,,,,,,,,,,,,,,3200,2600,3700,5500,4600,6500,8400,7000,9800,12000,9700,14000,15000,13000,18000,18000,15000,21000,21000,18000,25000,24000,21000,28000,28000,23000,32000,31000,26000,35000,34000,29000,39000,37000,31000,43000,40000,34000,47000,44000,38000,50000,48000,41000,55000
Panama,,,,,,,,,,,,,,,,,,,,,,,,,,,,,,,,,,,,,,,,,,,,,,,,,,,,,,,,,,,,,,,,,,,,,,,,,,,,,,,,,,,,,,,,,,
PapuaNewGuinea,,,,,,,,,,,,,,,,,,,,,1400,1600,1200,2100,2400,1900,3100,3500,2900,4400,5000,4100,5900,6600,5700,7600,8300,7200,9400,9800,8700,11000,11000,9900,12000,12000,11000,13000,13000,11000,14000,13000,12000,15000,14000,12000,16000,15000,13000,17000,15000,14000,18000,16000,14000,18000,17000,15000,19000,17000,15000,20000,18000,16000,21000,19000,17000,22000,20000,18000,23000,21000,18000,24000,22000,19000,25000,23000,20000,26000
Paraguay,,,1100,,,1400,,,1700,,,2000,,,2400,1200,,2900,1700,,3500,2200,,4300,2800,1100,5000,3400,1600,5500,3900,2000,5800,4300,2600,6200,4700,3000,6600,4900,3400,6800,5000,3600,6700,5100,3700,6700,5100,3900,6900,5200,3800,7000,5200,3900,7100,5300,3900,7400,5300,3900,7600,5400,3900,7800,5400,4000,7700,5500,4000,7700,5600,4100,7900,5600,4200,8100,5700,4200,8200,5700,4200,8300,5700,4200,8400,5800,4300,8600
Peru,3800,3000,4700,4200,3500,5100,4700,3900,5600,5300,4400,6300,5900,4900,7000,6700,5500,7800,7300,6000,8600,7900,6600,9100,8300,6900,9600,8700,7300,10000,9000,7600,10000,9300,7800,11000,9500,7900,11000,9700,8100,11000,9800,8300,11000,10000,8400,12000,10000,8700,12000,11000,9100,12000,11000,9500,13000,11000,10000,13000,12000,10000,13000,12000,11000,14000,12000,11000,14000,13000,11000,14000,13000,12000,15000,14000,12000,15000,14000,12000,16000,14000,13000,16000,15000,13000,17000,15000,13000,17000
Philippines,,,,,,,,,,,,,,,,,,,,,,,,,,,,,,,,,,,,,,,,,,,,,,,,,,,,,,,,,,,,,,,1200,1300,1000,1500,1600,1300,1900,1900,1600,2300,2400,2000,2900,2900,2400,3500,3500,2900,4200,4100,3400,5000,4800,4000,5900,5600,4700,6900
Poland,,,,,,,,,,,,,,,,,,,,,,,,,,,,,,,,,,,,,,,,,,,,,,,,,,,,,,,,,,,,,,,,,,,,,,,,,,,,,,,,,,,,,,,,,,
Portugal,,,,,,,,,,,,,,,,,,,,,,,,,,,,,,,,,,,,,,,,,,,,,,,,,,,,,,,,,,,,,,,,,,,,,,,,,,,,,,,,,,,,,,,,,,
Qatar,,,,,,,,,,,,,,,,,,,,,,,,,,,,,,,,,,,,,,,,,,,,,,,,,,,,,,,,,,,,,,,,,,,,,,,,,,,,,,,,,,,,,,,,,,
RepublicofKorea,,,,,,,,,,,,,,,,,,,,,,,,,,,,,,,,,,,,,,,,,,,,,,,,,,,,,,,,,,,,,,,,,,,,,,,,,,,,,,,,,,,,,,,,,,
RepublicofMoldova,,,,,,,,,,,,,,,,,,,,,,,,1000,1200,1000,1500,1500,1300,1800,1800,1500,2100,2000,1600,2300,2100,1700,2500,2200,1900,2700,2400,2000,2800,2600,2100,3000,2700,2300,3200,2900,2400,3500,3100,2600,3600,3200,2700,3800,3300,2800,3900,3400,2800,4000,3500,2900,4100,3500,2900,4200,3500,2900,4200,3600,3000,4200,3600,3000,4200,3600,3000,4200,3500,3000,4200,3500,2900,4200
Romania,,,2700,,,3000,,,3400,,,3700,1100,,3900,1300,,4100,1500,1100,4200,1800,1300,4100,2000,1500,3800,2300,1800,3900,2500,2100,4000,2800,2400,4100,3100,2700,4300,3300,2900,4400,3600,3200,4600,3900,3500,4900,4200,3800,5100,4400,4000,5100,4600,4100,5400,4800,4300,5500,5000,4500,5700,5100,4600,5800,5300,4700,5900,5400,4800,6000,5400,4700,6100,5300,4700,6000,5200,4500,5900,5000,4400,5700,4900,4300,5600,4700,4100,5400
RussianFederation,,,,,,,,,,,,,,,,,,,,,,,,,,,,,,,,,,,,,,,,,,,,,,,,,,,,,,,,,,,,,,,,,,,,,,,,,,,,,,,,,,,,,,,,,,
Rwanda,34000,16000,59000,41000,21000,68000,47000,28000,73000,53000,35000,77000,58000,41000,79000,64000,48000,81000,71000,56000,86000,78000,65000,91000,85000,72000,98000,91000,78000,100000,95000,83000,110000,97000,84000,110000,98000,84000,110000,97000,83000,110000,95000,81000,110000,94000,80000,110000,94000,80000,110000,95000,82000,110000,97000,83000,110000,98000,84000,110000,99000,85000,110000,100000,87000,110000,100000,88000,110000,100000,89000,110000,100000,89000,110000,100000,90000,110000,100000,90000,110000,100000,90000,110000,100000,89000,120000,100000,89000,120000
SaudiArabia,,,,,,,,,,,,,,,,,,,,,,,,,,,,,,,,,,,,,,,,,,,,,,,,,,,,,,,,,,,,,,,,,,,,,,,,,,,,,,,,,,,,,,,,,,
Senegal,1900,1500,2500,2600,2100,3400,3400,2700,4400,4400,3600,5600,5500,4500,7000,6800,5600,8400,8100,6900,10000,9600,8200,12000,11000,9600,13000,12000,11000,15000,14000,12000,16000,15000,13000,17000,16000,14000,18000,17000,14000,19000,17000,15000,19000,17000,15000,19000,17000,15000,20000,17000,15000,20000,17000,15000,20000,18000,15000,20000,18000,16000,20000,18000,16000,20000,18000,16000,20000,18000,16000,20000,17000,15000,20000,17000,15000,20000,17000,15000,19000,17000,15000,19000,16000,15000,19000,16000,14000,19000
Serbia,,,,,,,,,,,,,,,,,,,,,,,,,,,,,,,,,,,,,,,,,,,,,,,,,,,,,,,,,,,,,,,,,,,,,,,,,,,,,,,,,,,,,,,,,,
SierraLeone,6000,3200,12000,7300,4300,13000,8700,5200,15000,10000,6200,16000,11000,7300,17000,13000,8600,18000,14000,9900,19000,15000,11000,20000,16000,12000,21000,17000,14000,22000,19000,15000,23000,20000,16000,24000,21000,17000,26000,22000,19000,27000,23000,19000,28000,24000,20000,28000,25000,21000,29000,26000,21000,30000,26000,22000,30000,27000,23000,31000,28000,23000,32000,29000,24000,33000,30000,25000,34000,31000,26000,35000,32000,27000,36000,33000,27000,37000,34000,28000,39000,35000,29000,40000,36000,29000,41000,37000,30000,42000
Singapore,,,,,,,,,,,,,,,,,,,,,,,,,,,,,,,,,,,,,,,,,,,,,,,,,,,,,,,,,,,,,,,,,,,,,,,,,,,,,,,,,,,,,,,,,,
Slovakia,,,,,,,,,,,,,,,,,,,,,,,,,,,,,,,,,,,,,,,,,,,,,,,,,,,,,,,,,,,,,,,,,,,,,,,,,,,,,,,,,,,,,,,,,,
Slovenia,,,,,,,,,,,,,,,,,,,,,,,,,,,,,,,,,,,,,,,,,,,,,,,,,,,,,,,,,,,,,,,,,,,,,,,,,,,,,,,,,,,,,,,,,,
Somalia,1300,,2000,1700,1100,2300,2000,1400,2700,2400,1800,3100,2800,2100,3600,3300,2600,4100,3700,3100,4700,4300,3600,5200,4800,4100,5700,5300,4600,6200,5800,5000,6700,6100,5400,7000,6500,5700,7300,6700,5900,7500,6800,6000,7600,6900,6000,7600,6800,5800,7600,6700,5600,7500,6500,5400,7300,6300,5100,7200,6000,4800,6900,5700,4600,6600,5400,4400,6300,5200,4100,6000,4900,4000,5700,4700,3800,5400,4500,3600,5200,4300,3500,5000,4200,3400,4800,4100,3300,4700
SouthAfrica,71000,55000,87000,130000,94000,160000,220000,160000,280000,340000,240000,440000,510000,370000,630000,700000,520000,860000,920000,700000,1100000,1200000,900000,1300000,1400000,1100000,1600000,1600000,1300000,1800000,1900000,1600000,2000000,2100000,1800000,2300000,2300000,2000000,2500000,2400000,2100000,2600000,2600000,2300000,2800000,2700000,2400000,3000000,2800000,2500000,3100000,2900000,2600000,3200000,3100000,2700000,3400000,3200000,2800000,3500000,3300000,2900000,3700000,3400000,3000000,3800000,3500000,3100000,3900000,3600000,3200000,4000000,3700000,3200000,4100000,3800000,3300000,4200000,3800000,3300000,4200000,3900000,3400000,4300000,3900000,3400000,4300000,3900000,3400000,4300000
SouthSudan,10000,3800,19000,13000,5100,22000,16000,6700,25000,19000,8900,28000,22000,11000,33000,26000,14000,38000,30000,17000,43000,34000,21000,47000,38000,24000,52000,42000,29000,57000,45000,32000,62000,49000,35000,65000,51000,37000,68000,54000,39000,71000,57000,42000,75000,60000,44000,78000,62000,47000,81000,65000,49000,84000,67000,52000,87000,70000,54000,90000,72000,56000,93000,74000,58000,96000,77000,59000,97000,79000,60000,100000,81000,63000,100000,83000,64000,100000,85000,66000,110000,87000,68000,110000,89000,70000,110000,92000,71000,120000
Spain,15000,12000,17000,16000,13000,18000,16000,13000,19000,16000,13000,19000,16000,13000,19000,16000,13000,19000,15000,12000,19000,15000,12000,19000,15000,12000,18000,15000,12000,19000,15000,12000,19000,15000,12000,19000,16000,12000,19000,16000,13000,19000,16000,13000,19000,16000,13000,19000,16000,13000,19000,16000,13000,19000,16000,13000,19000,16000,13000,19000,15000,13000,18000,15000,12000,18000,15000,12000,17000,14000,12000,16000,13000,11000,16000,13000,11000,15000,12000,10000,14000,12000,9700,14000,11000,9200,13000,11000,8800,12000
SriLanka,,,,,,,,,,,,,,,,,,,,,,,,,,,,,,,,,,,,,,,,,,,,,,,,,,,,,,1000,,,1100,,,1100,,,1100,,,1100,,,1100,,,1100,,,1100,,,1100,,,1000,,,,,,,,,
Sudan,,,4000,1300,,5200,1700,,6100,2300,,7300,3000,,8300,3900,,9200,4900,1200,10000,6000,1700,12000,7100,2300,13000,8200,3100,14000,9400,4300,15000,11000,5900,16000,12000,7400,16000,13000,9000,17000,14000,10000,17000,15000,12000,18000,15000,13000,18000,16000,13000,18000,16000,14000,18000,16000,14000,19000,17000,14000,19000,17000,14000,19000,17000,14000,20000,17000,14000,20000,17000,14000,20000,17000,14000,20000,17000,14000,20000,17000,14000,20000,17000,14000,20000,17000,14000,21000
Suriname,,,,,,,,,1100,,,1200,,,1300,,,1400,1000,,1500,1100,,1600,1200,,1600,1200,,1600,1300,1000,1700,1300,1100,1700,1400,1100,1700,1400,1200,1700,1400,1200,1700,1500,1300,1700,1500,1300,1800,1500,1300,1800,1600,1400,1800,1600,1400,1900,1700,1400,1900,1700,1400,2000,1700,1400,2000,1800,1500,2000,1800,1500,2100,1800,1500,2100,1800,1500,2100,1900,1500,2200,1900,1500,2200,1800,1500,2200
Sweden,,,,,,,,,,,,,,,,,,,,,,,,,,,,,,,,,,,,,,,,,,,,,,,,,,,,,,,,,,,,,,,,,,,,,,,,,,,,,,,,,,,,,,,,,,
Switzerland,,,,,,,,,,,,,,,,,,,,,,,,,,,,,,,,,,,,,,,,,,,,,,,,,,,,,,,,,,,,,,,,,,,,,,,,,,,,,,,,,,,,,,,,,,
SyrianArabRepublic,,,,,,,,,,,,,,,,,,,,,,,,,,,,,,,,,,,,,,,,,,,,,,,,,,,,,,,,,,,,,,,,,,,,,,,,,,,,,,,,,,,,,,,,,,
Tajikistan,,,,,,,,,,,,,,,,,,,,,,,,,,,,,,,,,,,,,,,,,,,,,,,,,,,,,,,,,1100,,,1200,1000,,1400,1200,1000,1600,1400,1200,1800,1600,1400,2100,1800,1600,2300,2000,1800,2600,2300,1900,2800,2500,2100,3100,2700,2300,3400,2900,2400,3700
Thailand,21000,17000,24000,47000,40000,55000,80000,67000,95000,110000,96000,130000,150000,120000,170000,170000,150000,200000,200000,170000,230000,220000,190000,250000,230000,200000,270000,250000,210000,290000,250000,210000,300000,260000,210000,310000,260000,210000,310000,260000,210000,310000,250000,200000,310000,250000,200000,310000,250000,200000,310000,250000,200000,310000,250000,200000,300000,240000,200000,300000,240000,200000,290000,230000,190000,280000,230000,190000,270000,220000,180000,260000,210000,180000,250000,200000,170000,240000,190000,160000,220000,180000,150000,210000,170000,140000,190000,160000,130000,180000
Timor-Leste,,,,,,,,,,,,,,,,,,,,,,,,,,,,,,,,,,,,,,,,,,,,,,,,,,,,,,,,,,,,,,,,,,,,,,,,,,,,,,,,,,,,,,,,,,
Togo,16000,13000,20000,18000,14000,23000,20000,16000,25000,23000,18000,28000,26000,21000,32000,29000,24000,36000,33000,27000,42000,38000,31000,47000,42000,34000,51000,45000,37000,54000,47000,39000,57000,49000,41000,59000,49000,41000,60000,50000,42000,60000,50000,42000,60000,50000,42000,61000,51000,43000,62000,51000,43000,62000,51000,44000,63000,52000,44000,63000,52000,44000,63000,53000,44000,64000,54000,45000,65000,54000,46000,66000,55000,47000,66000,56000,47000,67000,56000,48000,67000,56000,48000,68000,56000,48000,70000,57000,47000,70000
TrinidadandTobago,,,1000,,,1300,1200,,1600,1400,1100,1900,1700,1300,2200,2000,1600,2500,2300,1900,2800,2600,2200,3100,2800,2500,3300,3100,2800,3600,3400,3000,3900,3600,3200,4100,3800,3400,4300,4000,3600,4600,4200,3700,4800,4400,3800,5000,4500,3900,5200,4600,4000,5300,4600,4000,5300,4600,4000,5300,4500,4000,5200,4400,3900,5100,4300,3800,4900,4200,3700,4800,4000,3500,4600,3800,3300,4400,3600,3200,4200,3500,3000,4000,3300,2800,3800,3000,2600,3500
Tunisia,,,,,,,,,,,,,,,,,,,,,,,,,,,,,,,,,,,,,,,,,,,,,,,,,,,,,,,,,,,,,,,,,,,,,,,,,,,1100,,,1200,1000,,1300,1100,,1500,1200,,1700,1400,,1900
Turkey,,,,,,,,,,,,,,,,,,,,,,,,,,,,,,,,,,,,,,,,,,,,,,,,,,,,,,,,,,,,,,,,,,,,,,,,,,,,,,,,,,,,,,,,,,
Turkmenistan,,,,,,,,,,,,,,,,,,,,,,,,,,,,,,,,,,,,,,,,,,,,,,,,,,,,,,,,,,,,,,,,,,,,,,,,,,,,,,,,,,,,,,,,,,
Uganda,400000,350000,440000,420000,380000,460000,430000,400000,470000,450000,410000,490000,450000,420000,490000,460000,420000,500000,460000,430000,500000,460000,430000,500000,460000,430000,500000,460000,430000,500000,460000,430000,500000,460000,430000,500000,470000,430000,500000,470000,440000,500000,470000,440000,500000,480000,450000,510000,500000,470000,530000,510000,480000,540000,520000,490000,560000,540000,510000,570000,550000,520000,590000,570000,540000,600000,590000,550000,620000,600000,570000,640000,620000,590000,660000,640000,610000,680000,660000,620000,700000,680000,630000,720000,690000,640000,740000,700000,650000,760000
Ukraine,,,,,,1200,1600,1000,2600,3400,2300,5200,7400,5400,10000,13000,9900,16000,18000,15000,22000,24000,21000,29000,32000,28000,37000,41000,37000,45000,50000,46000,54000,58000,55000,63000,66000,62000,71000,73000,69000,77000,79000,75000,83000,83000,79000,87000,85000,82000,90000,88000,84000,92000,89000,85000,93000,90000,86000,94000,90000,87000,94000,91000,87000,94000,91000,87000,94000,91000,87000,95000,92000,88000,96000,92000,88000,96000,92000,88000,97000,93000,88000,97000,93000,87000,98000,93000,87000,99000
UnitedArabEmirates,,,,,,,,,,,,,,,,,,,,,,,,,,,,,,,,,,,,,,,,,,,,,,,,,,,,,,,,,,,,,,,,,,,,,,,,,,,,,,,,,,,,,,,,,,
UnitedKingdom,,,,,,,,,,,,,,,,,,,,,,,,,,,,,,,,,,,,,,,,,,,,,,,,,,,,,,,,,,,,,,,,,,,,,,,,,,,,,,,,,,,,,,,,,,
UnitedRepublicofTanzania,220000,190000,240000,260000,240000,290000,310000,290000,350000,360000,330000,400000,410000,380000,440000,450000,410000,490000,480000,440000,520000,510000,470000,550000,530000,480000,580000,550000,490000,590000,560000,500000,610000,570000,500000,620000,570000,500000,630000,580000,500000,630000,580000,500000,640000,580000,490000,640000,580000,500000,650000,580000,500000,660000,600000,520000,670000,610000,530000,690000,630000,540000,700000,640000,560000,720000,660000,580000,740000,690000,600000,770000,710000,620000,790000,730000,640000,810000,750000,660000,830000,770000,680000,850000,780000,690000,870000,800000,700000,880000
UnitedStates,100000,81000,120000,100000,82000,120000,100000,81000,130000,100000,80000,130000,100000,78000,130000,99000,76000,120000,100000,77000,130000,100000,80000,130000,110000,84000,140000,110000,88000,140000,110000,91000,140000,120000,95000,140000,120000,98000,150000,120000,100000,150000,130000,100000,150000,130000,100000,150000,130000,110000,150000,130000,110000,150000,130000,110000,160000,130000,110000,160000,130000,110000,160000,130000,110000,160000,130000,100000,150000,130000,100000,150000,130000,100000,150000,130000,100000,150000,130000,100000,150000,120000,100000,150000,120000,99000,150000,,,
Uruguay,,,,,,,,,,,,,,,,,,,,,,,,,,,,,,,,,,,,,,,,,,,,,,,,,,,,,,,,,,,,,,,,,,,,,,,,,,,,,,,,,,,,,,,,,,
Uzbekistan,,,,,,,,,,,,,,,,,,,,,,,,,,,,,,,,,,1100,1000,1300,1400,1300,1600,1800,1700,2000,2200,2000,2400,2600,2400,2900,3100,2900,3400,3800,3400,4100,4400,4100,4800,5200,4800,5500,6000,5600,6400,6800,6300,7200,7700,7100,8100,8500,8000,9100,9400,8700,10000,10000,9500,11000,11000,10000,12000,12000,11000,13000,13000,12000,14000,14000,13000,15000
Venezuela(BolivarianRepublicof),4500,3600,5700,5200,4100,6400,6000,4800,7100,6800,5500,8100,7900,6500,9200,9100,7500,10000,11000,8800,12000,12000,10000,14000,15000,12000,17000,17000,15000,20000,20000,18000,23000,24000,20000,27000,27000,24000,31000,31000,27000,35000,34000,30000,38000,37000,32000,42000,39000,34000,45000,41000,36000,47000,43000,37000,50000,45000,38000,52000,46000,39000,54000,47000,40000,55000,48000,40000,57000,48000,40000,57000,47000,39000,57000,46000,37000,55000,44000,36000,54000,42000,34000,51000,40000,32000,49000,38000,30000,47000
VietNam,,,,,,,1900,1600,2100,3700,3300,4200,6600,5800,7500,10000,9100,12000,15000,13000,17000,19000,17000,22000,24000,21000,27000,28000,25000,32000,32000,28000,37000,36000,32000,42000,40000,35000,46000,43000,37000,50000,46000,40000,54000,48000,42000,56000,49000,43000,58000,51000,44000,61000,52000,45000,62000,53000,46000,63000,54000,46000,64000,54000,47000,64000,55000,47000,65000,55000,48000,65000,55000,48000,65000,55000,48000,65000,54000,47000,64000,54000,47000,63000,53000,46000,61000,51000,45000,59000
Yemen,,,,,,,,,,,,,,,,,,,,,,,,,,,1000,,,1100,,,1200,,,1300,,,1300,,,1300,,,1300,,,1400,,,1400,,,1400,1100,,1500,1200,,1600,1200,,1700,1300,,1800,1400,1000,2000,1500,1100,2100,1600,1200,2200,1700,1200,2400,1800,1300,2600,1900,1300,2800,2000,1300,3000,2100,1300,3300
Zambia,150000,140000,150000,180000,170000,190000,210000,200000,230000,240000,230000,260000,270000,260000,290000,300000,280000,310000,320000,300000,330000,330000,310000,350000,350000,330000,370000,360000,340000,380000,370000,350000,390000,370000,350000,400000,380000,360000,400000,380000,360000,400000,390000,370000,410000,400000,370000,420000,400000,380000,430000,410000,390000,440000,430000,400000,450000,440000,420000,470000,460000,430000,490000,480000,450000,500000,490000,470000,520000,510000,480000,540000,530000,500000,560000,540000,510000,570000,560000,530000,590000,570000,540000,600000,580000,550000,620000,590000,560000,630000
Zimbabwe,320000,280000,360000,400000,350000,460000,490000,420000,560000,560000,480000,640000,610000,530000,700000,660000,570000,750000,690000,600000,790000,710000,620000,810000,720000,620000,820000,710000,620000,820000,700000,610000,800000,690000,600000,780000,670000,580000,760000,640000,560000,730000,620000,540000,710000,600000,520000,690000,580000,510000,670000,570000,500000,650000,570000,490000,650000,560000,490000,650000,580000,500000,660000,580000,510000,670000,590000,520000,680000,600000,520000,690000,610000,530000,700000,620000,540000,710000,620000,540000,710000,620000,540000,710000,620000,540000,710000,620000,540000,710000
Global,3000000,2500000,3600000,3800000,3200000,4400000,4600000,3800000,5400000,5400000,4500000,6400000,6300000,5200000,7400000,7100000,5900000,8400000,7900000,6600000,9300000,8700000,7200000,10200000,9300000,7800000,11000000,9900000,8300000,11700000,10500000,8700000,12300000,10900000,9100000,12800000,11200000,9300000,13200000,11500000,9600000,13500000,11700000,9700000,13700000,11900000,9900000,14000000,12100000,10100000,14200000,12400000,10300000,14500000,12700000,10500000,14900000,13000000,10800000,15200000,13300000,11100000,15600000,13600000,11300000,16000000,14000000,11600000,16400000,14300000,11900000,16700000,14600000,12100000,17100000,14800000,12300000,17400000,15100000,12500000,17700000,15300000,12700000,17900000,15400000,12800000,18100000,15600000,12900000,18300000
